,count
0,35
1,251
2,53
3,296
4,16
5,283
6,151
7,184
8,123
9,668
10,59
11,10
12,41
13,68
14,22
15,233
16,73
17,55
18,179
19,121
20,7
21,451
22,128
23,225
24,324
25,318
26,250
27,55
28,198
29,25
30,17
31,131
32,406
33,261
34,56
35,3
36,263
37,192
38,233
39,126
40,169
41,84
42,224
43,63
44,262
45,331
46,651
47,115
48,151
49,285
50,23
51,178
52,99
53,669
54,306
55,258
56,202
57,844
58,363
59,101
60,126
61,382
62,171
63,98
64,453
65,3
66,239
67,4
68,1
69,49
70,328
71,136
72,463
73,289
74,181
75,2
76,169
77,73
78,5
79,154
80,521
81,48
82,53
83,206
84,218
85,8
86,26
87,101
88,585
89,13
90,189
91,28
92,504
93,449
94,213
95,49
96,332
97,36
98,409
99,226
100,40
101,106
102,402
103,444
104,28
105,492
106,465
107,198
108,213
109,205
110,315
111,17
112,3
113,134
114,134
115,358
116,447
117,203
118,290
119,690
120,399
121,72
122,6
123,473
124,6
125,48
126,5
127,18
128,4
129,148
130,9
131,149
132,66
133,154
134,294
135,90
136,72
137,85
138,10
139,155
140,5
141,24
142,475
143,317
144,167
145,57
146,197
147,241
148,435
149,566
150,174
151,138
152,516
153,212
154,397
155,96
156,372
157,546
158,16
159,644
160,173
161,366
162,150
163,7
164,45
165,323
166,243
167,43
168,208
169,254
170,56
171,52
172,67
173,192
174,154
175,374
176,337
177,730
178,317
179,133
180,163
181,308
182,125
183,196
184,8
185,260
186,12
187,441
188,171
189,11
190,668
191,425
192,2
193,9
194,684
195,7
196,329
197,152
198,135
199,376
200,90
201,67
202,8
203,204
204,118
205,78
206,12
207,250
208,79
209,86
210,588
211,5
212,268
213,6
214,221
215,195
216,177
217,614
218,171
219,167
220,167
221,434
222,4
223,30
224,63
225,165
226,173
227,194
228,189
229,531
230,857
231,213
232,71
233,108
234,66
235,51
236,21
237,5
238,13
239,172
240,12
241,259
242,62
243,336
244,273
245,157
246,579
247,158
248,210
249,95
250,281
251,47
252,176
253,174
254,540
255,433
256,34
257,123
258,61
259,348
260,206
261,4
262,218
263,196
264,8
265,1
266,121
267,343
268,73
269,13
270,149
271,95
272,307
273,8
274,73
275,31
276,527
277,189
278,348
279,2
280,59
281,59
282,587
283,93
284,119
285,526
286,87
287,396
288,91
289,57
290,322
291,10
292,557
293,538
294,30
295,99
296,112
297,869
298,100
299,94
300,192
301,179
302,169
303,47
304,39
305,117
306,153
307,18
308,82
309,2
310,89
311,91
312,13
313,150
314,433
315,176
316,98
317,165
318,185
319,92
320,441
321,79
322,71
323,86
324,283
325,156
326,341
327,168
328,261
329,459
330,398
331,161
332,431
333,44
334,320
335,175
336,16
337,368
338,151
339,129
340,208
341,163
342,195
343,537
344,112
345,118
346,126
347,2
348,4
349,107
350,4
351,375
352,28
353,227
354,285
355,278
356,71
357,534
358,13
359,99
360,3
361,98
362,5
363,70
364,194
365,68
366,8
367,98
368,476
369,8
370,19
371,16
372,239
373,35
374,369
375,153
376,36
377,232
378,23
379,230
380,501
381,149
382,17
383,278
384,2
385,84
386,193
387,356
388,9
389,17
390,23
391,596
392,4
393,35
394,240
395,225
396,203
397,235
398,30
399,373
400,308
401,47
402,15
403,62
404,186
405,7
406,6
407,3
408,29
409,6
410,114
411,44
412,5
413,64
414,5
415,55
416,135
417,157
418,491
419,151
420,149
421,93
422,346
423,536
424,406
425,14
426,19
427,89
428,248
429,392
430,198
431,190
432,696
433,90
434,329
435,44
436,187
437,2
438,207
439,199
440,455
441,438
442,223
443,188
444,180
445,241
446,89
447,95
448,64
449,6
450,16
451,466
452,372
453,50
454,291
455,250
456,12
457,367
458,94
459,451
460,4
461,398
462,62
463,502
464,274
465,216
466,60
467,569
468,92
469,48
470,363
471,151
472,36
473,6
474,127
475,99
476,41
477,45
478,184
479,18
480,213
481,9
482,331
483,648
484,120
485,126
486,8
487,724
488,4
489,20
490,20
491,113
492,47
493,110
494,674
495,356
496,662
497,486
498,34
499,3
500,2
501,264
502,102
503,15
504,403
505,132
506,401
507,73
508,144
509,17
510,51
511,429
512,71
513,322
514,202
515,387
516,6
517,156
518,61
519,8
520,323
521,28
522,64
523,237
524,447
525,288
526,401
527,67
528,207
529,385
530,158
531,445
532,101
533,44
534,554
535,339
536,114
537,203
538,126
539,86
540,157
541,281
542,152
543,2
544,176
545,54
546,8
547,149
548,19
549,295
550,151
551,31
552,213
553,102
554,21
555,180
556,75
557,14
558,243
559,137
560,97
561,4
562,380
563,59
564,191
565,76
566,189
567,378
568,195
569,625
570,430
571,72
572,66
573,188
574,204
575,201
576,16
577,8
578,140
579,3
580,245
581,260
582,6
583,306
584,388
585,405
586,135
587,2
588,40
589,432
590,13
591,85
592,39
593,55
594,5
595,53
596,108
597,2
598,10
599,30
600,219
601,76
602,439
603,90
604,357
605,5
606,293
607,57
608,722
609,127
610,52
611,281
612,22
613,164
614,389
615,493
616,10
617,30
618,120
619,237
620,7
621,28
622,443
623,169
624,217
625,4
626,74
627,30
628,27
629,5
630,274
631,138
632,28
633,327
634,221
635,5
636,199
637,404
638,148
639,190
640,329
641,3
642,134
643,5
644,308
645,191
646,85
647,335
648,70
649,405
650,101
651,67
652,34
653,131
654,189
655,236
656,244
657,295
658,109
659,677
660,55
661,122
662,61
663,104
664,19
665,6
666,59
667,136
668,129
669,175
670,265
671,165
672,22
673,7
674,2
675,201
676,5
677,13
678,477
679,16
680,69
681,167
682,207
683,373
684,296
685,87
686,188
687,60
688,7
689,124
690,157
691,166
692,110
693,172
694,202
695,586
696,607
697,36
698,11
699,461
700,113
701,34
702,513
703,5
704,152
705,229
706,42
707,1
708,490
709,467
710,221
711,385
712,146
713,223
714,185
715,204
716,97
717,6
718,665
719,322
720,3
721,243
722,7
723,34
724,195
725,459
726,137
727,24
728,98
729,78
730,6
731,195
732,142
733,4
734,375
735,470
736,4
737,579
738,159
739,175
740,272
741,65
742,92
743,170
744,25
745,90
746,253
747,407
748,200
749,91
750,108
751,176
752,7
753,504
754,43
755,46
756,49
757,1
758,222
759,198
760,259
761,355
762,234
763,144
764,50
765,476
766,7
767,513
768,209
769,8
770,6
771,374
772,852
773,408
774,7
775,463
776,314
777,62
778,84
779,814
780,154
781,134
782,635
783,551
784,23
785,196
786,808
787,234
788,70
789,5
790,109
791,4
792,438
793,50
794,336
795,382
796,334
797,273
798,28
799,7
800,347
801,259
802,188
803,8
804,208
805,20
806,37
807,81
808,52
809,18
810,271
811,99
812,358
813,1
814,239
815,7
816,325
817,62
818,377
819,56
820,140
821,85
822,169
823,14
824,87
825,552
826,182
827,14
828,19
829,105
830,246
831,406
832,4
833,182
834,171
835,415
836,191
837,211
838,25
839,405
840,21
841,660
842,9
843,542
844,86
845,55
846,352
847,221
848,18
849,249
850,66
851,56
852,285
853,118
854,215
855,78
856,76
857,87
858,508
859,3
860,33
861,4
862,624
863,99
864,4
865,63
866,82
867,72
868,297
869,465
870,391
871,34
872,343
873,42
874,411
875,77
876,338
877,6
878,84
879,22
880,1
881,2
882,455
883,678
884,463
885,289
886,301
887,182
888,127
889,90
890,88
891,499
892,546
893,9
894,174
895,420
896,165
897,730
898,105
899,96
900,261
901,11
902,2
903,76
904,170
905,11
906,121
907,45
908,11
909,361
910,275
911,285
912,113
913,112
914,315
915,206
916,312
917,189
918,13
919,99
920,9
921,185
922,211
923,7
924,335
925,353
926,113
927,149
928,759
929,104
930,338
931,258
932,5
933,211
934,565
935,5
936,94
937,154
938,28
939,181
940,14
941,286
942,110
943,162
944,260
945,29
946,215
947,374
948,235
949,371
950,38
951,188
952,7
953,10
954,98
955,111
956,564
957,8
958,237
959,57
960,133
961,84
962,370
963,30
964,51
965,163
966,254
967,72
968,238
969,46
970,228
971,142
972,462
973,40
974,3
975,246
976,152
977,52
978,30
979,36
980,106
981,135
982,129
983,343
984,10
985,231
986,52
987,164
988,843
989,195
990,64
991,420
992,513
993,558
994,206
995,60
996,21
997,6
998,235
999,140
1000,209
1001,52
1002,8
1003,3
1004,66
1005,112
1006,56
1007,228
1008,512
1009,31
1010,38
1011,386
1012,327
1013,373
1014,116
1015,64
1016,3
1017,172
1018,81
1019,627
1020,480
1021,73
1022,21
1023,218
1024,370
1025,172
1026,414
1027,274
1028,4
1029,11
1030,81
1031,6
1032,55
1033,24
1034,22
1035,40
1036,5
1037,12
1038,1
1039,328
1040,318
1041,579
1042,208
1043,16
1044,214
1045,119
1046,126
1047,120
1048,174
1049,1
1050,241
1051,321
1052,74
1053,178
1054,14
1055,145
1056,676
1057,276
1058,2
1059,17
1060,217
1061,37
1062,217
1063,136
1064,2
1065,567
1066,69
1067,169
1068,446
1069,279
1070,52
1071,5
1072,435
1073,241
1074,74
1075,13
1076,130
1077,89
1078,40
1079,182
1080,399
1081,16
1082,109
1083,140
1084,133
1085,168
1086,236
1087,8
1088,653
1089,238
1090,62
1091,187
1092,208
1093,302
1094,420
1095,1
1096,159
1097,211
1098,208
1099,63
1100,181
1101,172
1102,57
1103,128
1104,11
1105,35
1106,467
1107,175
1108,436
1109,235
1110,128
1111,6
1112,72
1113,376
1114,60
1115,116
1116,139
1117,52
1118,634
1119,492
1120,147
1121,1
1122,10
1123,851
1124,24
1125,500
1126,92
1127,348
1128,71
1129,100
1130,49
1131,327
1132,4
1133,387
1134,170
1135,160
1136,12
1137,44
1138,94
1139,2
1140,70
1141,71
1142,83
1143,4
1144,452
1145,2
1146,218
1147,210
1148,136
1149,51
1150,11
1151,390
1152,20
1153,247
1154,174
1155,104
1156,91
1157,38
1158,93
1159,53
1160,247
1161,145
1162,269
1163,556
1164,56
1165,5
1166,62
1167,95
1168,5
1169,617
1170,355
1171,10
1172,284
1173,89
1174,65
1175,241
1176,25
1177,287
1178,585
1179,76
1180,20
1181,331
1182,83
1183,25
1184,133
1185,23
1186,398
1187,52
1188,107
1189,50
1190,190
1191,7
1192,242
1193,78
1194,424
1195,1
1196,337
1197,1
1198,42
1199,404
1200,420
1201,358
1202,159
1203,14
1204,89
1205,497
1206,102
1207,15
1208,301
1209,205
1210,433
1211,19
1212,306
1213,197
1214,232
1215,64
1216,39
1217,337
1218,268
1219,300
1220,49
1221,28
1222,67
1223,39
1224,226
1225,636
1226,118
1227,392
1228,26
1229,27
1230,12
1231,400
1232,108
1233,136
1234,459
1235,141
1236,334
1237,16
1238,10
1239,12
1240,479
1241,417
1242,2
1243,47
1244,148
1245,219
1246,76
1247,130
1248,3
1249,169
1250,50
1251,323
1252,553
1253,3
1254,329
1255,250
1256,21
1257,211
1258,538
1259,202
1260,456
1261,314
1262,71
1263,95
1264,497
1265,154
1266,141
1267,471
1268,80
1269,385
1270,294
1271,286
1272,24
1273,216
1274,166
1275,12
1276,64
1277,4
1278,165
1279,331
1280,220
1281,227
1282,2
1283,59
1284,27
1285,79
1286,178
1287,353
1288,692
1289,71
1290,144
1291,104
1292,642
1293,177
1294,256
1295,449
1296,37
1297,173
1298,221
1299,24
1300,553
1301,115
1302,15
1303,336
1304,508
1305,3
1306,148
1307,88
1308,224
1309,9
1310,5
1311,119
1312,652
1313,22
1314,110
1315,150
1316,28
1317,374
1318,641
1319,143
1320,254
1321,181
1322,147
1323,232
1324,141
1325,65
1326,251
1327,277
1328,8
1329,225
1330,13
1331,456
1332,2
1333,69
1334,47
1335,70
1336,63
1337,516
1338,29
1339,328
1340,605
1341,47
1342,78
1343,9
1344,74
1345,10
1346,39
1347,7
1348,499
1349,49
1350,547
1351,209
1352,73
1353,131
1354,234
1355,419
1356,2
1357,14
1358,220
1359,108
1360,153
1361,73
1362,501
1363,502
1364,132
1365,225
1366,134
1367,6
1368,2
1369,138
1370,11
1371,218
1372,607
1373,406
1374,249
1375,646
1376,378
1377,311
1378,459
1379,6
1380,596
1381,151
1382,65
1383,887
1384,95
1385,147
1386,163
1387,236
1388,19
1389,11
1390,220
1391,359
1392,19
1393,69
1394,126
1395,178
1396,15
1397,496
1398,312
1399,113
1400,5
1401,23
1402,111
1403,595
1404,7
1405,450
1406,244
1407,274
1408,146
1409,201
1410,301
1411,61
1412,10
1413,183
1414,450
1415,136
1416,452
1417,27
1418,233
1419,43
1420,496
1421,713
1422,169
1423,413
1424,8
1425,297
1426,201
1427,228
1428,265
1429,247
1430,555
1431,210
1432,350
1433,40
1434,74
1435,3
1436,593
1437,158
1438,9
1439,32
1440,172
1441,20
1442,812
1443,25
1444,147
1445,66
1446,13
1447,560
1448,206
1449,24
1450,55
1451,2
1452,51
1453,302
1454,631
1455,130
1456,243
1457,320
1458,72
1459,15
1460,372
1461,10
1462,161
1463,6
1464,464
1465,31
1466,5
1467,355
1468,3
1469,80
1470,1
1471,7
1472,261
1473,114
1474,511
1475,369
1476,374
1477,32
1478,28
1479,22
1480,402
1481,8
1482,118
1483,31
1484,64
1485,186
1486,103
1487,4
1488,156
1489,148
1490,397
1491,435
1492,862
1493,428
1494,162
1495,584
1496,29
1497,85
1498,8
1499,497
1500,286
1501,46
1502,329
1503,86
1504,313
1505,332
1506,119
1507,310
1508,31
1509,172
1510,120
1511,24
1512,389
1513,87
1514,265
1515,97
1516,12
1517,228
1518,4
1519,113
1520,2
1521,185
1522,165
1523,45
1524,117
1525,190
1526,193
1527,35
1528,17
1529,221
1530,37
1531,225
1532,127
1533,53
1534,251
1535,369
1536,143
1537,174
1538,438
1539,23
1540,137
1541,88
1542,392
1543,178
1544,51
1545,3
1546,648
1547,2
1548,241
1549,15
1550,17
1551,27
1552,257
1553,596
1554,292
1555,65
1556,268
1557,99
1558,93
1559,298
1560,76
1561,12
1562,154
1563,135
1564,270
1565,466
1566,5
1567,291
1568,547
1569,7
1570,84
1571,299
1572,194
1573,8
1574,13
1575,4
1576,22
1577,111
1578,277
1579,220
1580,109
1581,791
1582,231
1583,152
1584,15
1585,37
1586,75
1587,323
1588,129
1589,129
1590,21
1591,136
1592,277
1593,124
1594,122
1595,206
1596,580
1597,129
1598,75
1599,244
1600,119
1601,23
1602,617
1603,462
1604,84
1605,24
1606,34
1607,37
1608,53
1609,29
1610,34
1611,5
1612,35
1613,437
1614,206
1615,226
1616,246
1617,142
1618,140
1619,217
1620,44
1621,12
1622,256
1623,167
1624,95
1625,359
1626,391
1627,23
1628,243
1629,10
1630,5
1631,2
1632,147
1633,404
1634,550
1635,31
1636,50
1637,228
1638,22
1639,204
1640,297
1641,116
1642,86
1643,376
1644,317
1645,670
1646,53
1647,64
1648,246
1649,968
1650,290
1651,710
1652,525
1653,74
1654,187
1655,39
1656,224
1657,183
1658,195
1659,86
1660,367
1661,11
1662,44
1663,23
1664,389
1665,228
1666,84
1667,34
1668,5
1669,292
1670,219
1671,240
1672,213
1673,181
1674,332
1675,43
1676,308
1677,42
1678,335
1679,10
1680,311
1681,129
1682,243
1683,462
1684,206
1685,11
1686,16
1687,63
1688,148
1689,56
1690,5
1691,265
1692,178
1693,415
1694,330
1695,60
1696,392
1697,196
1698,380
1699,367
1700,51
1701,157
1702,52
1703,147
1704,17
1705,411
1706,181
1707,219
1708,114
1709,91
1710,126
1711,59
1712,9
1713,15
1714,370
1715,12
1716,5
1717,114
1718,98
1719,10
1720,52
1721,4
1722,772
1723,72
1724,260
1725,187
1726,129
1727,68
1728,238
1729,62
1730,427
1731,12
1732,93
1733,9
1734,8
1735,17
1736,1
1737,67
1738,34
1739,48
1740,26
1741,64
1742,54
1743,490
1744,627
1745,457
1746,19
1747,47
1748,15
1749,69
1750,281
1751,169
1752,370
1753,556
1754,470
1755,168
1756,498
1757,246
1758,38
1759,2
1760,53
1761,140
1762,206
1763,217
1764,24
1765,95
1766,42
1767,97
1768,139
1769,318
1770,188
1771,4
1772,153
1773,130
1774,149
1775,14
1776,119
1777,209
1778,24
1779,3
1780,332
1781,285
1782,157
1783,92
1784,289
1785,114
1786,207
1787,448
1788,42
1789,27
1790,410
1791,156
1792,640
1793,107
1794,497
1795,518
1796,26
1797,30
1798,10
1799,41
1800,114
1801,356
1802,16
1803,79
1804,171
1805,73
1806,159
1807,102
1808,602
1809,5
1810,161
1811,365
1812,212
1813,99
1814,95
1815,286
1816,33
1817,323
1818,62
1819,361
1820,646
1821,35
1822,315
1823,74
1824,113
1825,1
1826,96
1827,117
1828,775
1829,497
1830,6
1831,282
1832,389
1833,635
1834,37
1835,7
1836,336
1837,99
1838,20
1839,349
1840,568
1841,15
1842,211
1843,21
1844,5
1845,18
1846,111
1847,137
1848,40
1849,201
1850,190
1851,3
1852,4
1853,300
1854,308
1855,48
1856,3
1857,124
1858,80
1859,17
1860,74
1861,272
1862,215
1863,53
1864,10
1865,413
1866,279
1867,3
1868,364
1869,347
1870,5
1871,68
1872,783
1873,190
1874,2
1875,229
1876,822
1877,33
1878,73
1879,262
1880,1
1881,132
1882,233
1883,5
1884,270
1885,15
1886,433
1887,568
1888,257
1889,201
1890,5
1891,4
1892,901
1893,114
1894,512
1895,208
1896,21
1897,281
1898,192
1899,7
1900,351
1901,246
1902,269
1903,223
1904,158
1905,366
1906,100
1907,613
1908,129
1909,121
1910,15
1911,6
1912,223
1913,179
1914,13
1915,193
1916,16
1917,123
1918,25
1919,77
1920,162
1921,33
1922,150
1923,5
1924,347
1925,95
1926,124
1927,52
1928,131
1929,184
1930,404
1931,16
1932,172
1933,258
1934,110
1935,97
1936,88
1937,357
1938,5
1939,183
1940,11
1941,73
1942,366
1943,135
1944,615
1945,34
1946,177
1947,139
1948,60
1949,70
1950,130
1951,56
1952,256
1953,32
1954,7
1955,44
1956,335
1957,404
1958,132
1959,238
1960,410
1961,287
1962,31
1963,146
1964,297
1965,154
1966,353
1967,31
1968,17
1969,276
1970,124
1971,11
1972,102
1973,54
1974,27
1975,28
1976,78
1977,10
1978,147
1979,41
1980,105
1981,46
1982,36
1983,303
1984,223
1985,428
1986,377
1987,304
1988,66
1989,235
1990,227
1991,34
1992,255
1993,30
1994,274
1995,115
1996,69
1997,51
1998,210
1999,304
2000,210
2001,14
2002,85
2003,1
2004,261
2005,23
2006,271
2007,75
2008,5
2009,64
2010,39
2011,14
2012,6
2013,106
2014,57
2015,118
2016,125
2017,259
2018,365
2019,37
2020,52
2021,105
2022,466
2023,9
2024,208
2025,473
2026,3
2027,64
2028,33
2029,529
2030,216
2031,267
2032,380
2033,39
2034,26
2035,168
2036,13
2037,514
2038,12
2039,102
2040,743
2041,7
2042,292
2043,20
2044,77
2045,328
2046,6
2047,12
2048,3
2049,135
2050,41
2051,259
2052,150
2053,66
2054,608
2055,28
2056,16
2057,38
2058,334
2059,30
2060,262
2061,59
2062,463
2063,33
2064,191
2065,808
2066,140
2067,457
2068,78
2069,30
2070,106
2071,172
2072,173
2073,45
2074,359
2075,19
2076,178
2077,78
2078,151
2079,209
2080,332
2081,8
2082,2
2083,240
2084,179
2085,102
2086,99
2087,515
2088,3
2089,8
2090,6
2091,127
2092,34
2093,37
2094,26
2095,101
2096,767
2097,22
2098,135
2099,14
2100,270
2101,11
2102,53
2103,189
2104,17
2105,3
2106,4
2107,211
2108,126
2109,54
2110,150
2111,186
2112,440
2113,428
2114,289
2115,13
2116,5
2117,364
2118,710
2119,37
2120,3
2121,164
2122,357
2123,99
2124,258
2125,26
2126,413
2127,108
2128,668
2129,165
2130,24
2131,131
2132,100
2133,232
2134,15
2135,134
2136,63
2137,27
2138,8
2139,185
2140,9
2141,148
2142,31
2143,8
2144,208
2145,213
2146,453
2147,266
2148,564
2149,353
2150,420
2151,5
2152,557
2153,116
2154,178
2155,72
2156,19
2157,63
2158,250
2159,176
2160,310
2161,194
2162,57
2163,155
2164,23
2165,92
2166,109
2167,173
2168,6
2169,144
2170,724
2171,13
2172,157
2173,175
2174,183
2175,431
2176,350
2177,22
2178,189
2179,105
2180,280
2181,402
2182,67
2183,124
2184,5
2185,494
2186,42
2187,2
2188,404
2189,184
2190,36
2191,97
2192,10
2193,36
2194,193
2195,285
2196,105
2197,124
2198,82
2199,149
2200,98
2201,302
2202,36
2203,426
2204,381
2205,795
2206,446
2207,3
2208,372
2209,13
2210,133
2211,22
2212,95
2213,98
2214,811
2215,145
2216,16
2217,886
2218,219
2219,9
2220,80
2221,58
2222,21
2223,250
2224,11
2225,3
2226,35
2227,87
2228,325
2229,2
2230,485
2231,488
2232,2
2233,207
2234,169
2235,96
2236,26
2237,745
2238,70
2239,187
2240,115
2241,472
2242,151
2243,130
2244,161
2245,43
2246,123
2247,129
2248,11
2249,113
2250,233
2251,217
2252,359
2253,114
2254,4
2255,17
2256,165
2257,70
2258,3
2259,539
2260,12
2261,584
2262,347
2263,503
2264,71
2265,86
2266,678
2267,349
2268,171
2269,441
2270,4
2271,545
2272,6
2273,67
2274,108
2275,7
2276,148
2277,460
2278,169
2279,476
2280,15
2281,47
2282,6
2283,236
2284,451
2285,6
2286,41
2287,245
2288,227
2289,111
2290,349
2291,469
2292,273
2293,5
2294,275
2295,108
2296,157
2297,65
2298,21
2299,2
2300,75
2301,272
2302,33
2303,63
2304,93
2305,56
2306,61
2307,145
2308,286
2309,5
2310,556
2311,210
2312,7
2313,263
2314,4
2315,17
2316,191
2317,434
2318,158
2319,4
2320,863
2321,398
2322,258
2323,55
2324,190
2325,216
2326,79
2327,3
2328,282
2329,601
2330,42
2331,442
2332,538
2333,7
2334,5
2335,72
2336,3
2337,144
2338,11
2339,585
2340,81
2341,249
2342,274
2343,719
2344,114
2345,67
2346,850
2347,425
2348,658
2349,162
2350,4
2351,89
2352,90
2353,320
2354,273
2355,87
2356,227
2357,296
2358,70
2359,188
2360,374
2361,14
2362,245
2363,248
2364,75
2365,13
2366,42
2367,95
2368,13
2369,220
2370,374
2371,11
2372,53
2373,643
2374,35
2375,332
2376,216
2377,116
2378,136
2379,194
2380,219
2381,214
2382,102
2383,211
2384,784
2385,84
2386,8
2387,89
2388,222
2389,5
2390,810
2391,7
2392,57
2393,28
2394,300
2395,448
2396,330
2397,90
2398,297
2399,182
2400,276
2401,331
2402,542
2403,121
2404,11
2405,122
2406,308
2407,2
2408,394
2409,171
2410,483
2411,9
2412,61
2413,53
2414,174
2415,124
2416,60
2417,507
2418,52
2419,12
2420,202
2421,105
2422,13
2423,308
2424,185
2425,33
2426,315
2427,332
2428,213
2429,88
2430,1
2431,20
2432,183
2433,337
2434,2
2435,361
2436,120
2437,197
2438,272
2439,205
2440,225
2441,2
2442,174
2443,115
2444,289
2445,99
2446,101
2447,6
2448,423
2449,137
2450,211
2451,1
2452,392
2453,176
2454,247
2455,365
2456,145
2457,342
2458,371
2459,96
2460,254
2461,36
2462,3
2463,24
2464,123
2465,159
2466,694
2467,152
2468,157
2469,37
2470,45
2471,33
2472,339
2473,858
2474,259
2475,420
2476,205
2477,25
2478,76
2479,8
2480,254
2481,100
2482,221
2483,66
2484,325
2485,35
2486,20
2487,15
2488,35
2489,33
2490,8
2491,89
2492,181
2493,483
2494,11
2495,130
2496,16
2497,663
2498,732
2499,28
2500,90
2501,210
2502,268
2503,466
2504,4
2505,193
2506,256
2507,192
2508,181
2509,417
2510,311
2511,65
2512,247
2513,83
2514,310
2515,452
2516,148
2517,154
2518,199
2519,159
2520,39
2521,130
2522,20
2523,98
2524,163
2525,6
2526,52
2527,68
2528,6
2529,35
2530,312
2531,169
2532,49
2533,118
2534,123
2535,11
2536,53
2537,14
2538,343
2539,18
2540,55
2541,188
2542,86
2543,168
2544,4
2545,153
2546,295
2547,95
2548,321
2549,76
2550,299
2551,6
2552,82
2553,142
2554,138
2555,283
2556,265
2557,64
2558,2
2559,118
2560,5
2561,97
2562,263
2563,745
2564,128
2565,113
2566,114
2567,408
2568,10
2569,721
2570,248
2571,147
2572,9
2573,151
2574,444
2575,483
2576,359
2577,114
2578,167
2579,224
2580,290
2581,30
2582,482
2583,72
2584,2
2585,647
2586,151
2587,5
2588,275
2589,299
2590,484
2591,32
2592,7
2593,8
2594,155
2595,77
2596,60
2597,5
2598,58
2599,680
2600,7
2601,12
2602,19
2603,11
2604,3
2605,18
2606,181
2607,59
2608,49
2609,375
2610,28
2611,22
2612,129
2613,144
2614,93
2615,279
2616,1
2617,2
2618,367
2619,3
2620,167
2621,198
2622,64
2623,52
2624,487
2625,107
2626,19
2627,146
2628,19
2629,193
2630,410
2631,443
2632,185
2633,482
2634,298
2635,163
2636,645
2637,32
2638,249
2639,498
2640,118
2641,136
2642,199
2643,414
2644,68
2645,39
2646,139
2647,91
2648,5
2649,40
2650,346
2651,135
2652,4
2653,15
2654,232
2655,157
2656,368
2657,290
2658,95
2659,1
2660,313
2661,110
2662,34
2663,188
2664,62
2665,33
2666,479
2667,694
2668,449
2669,96
2670,3
2671,38
2672,92
2673,5
2674,380
2675,113
2676,304
2677,28
2678,258
2679,132
2680,181
2681,16
2682,283
2683,51
2684,180
2685,180
2686,40
2687,103
2688,283
2689,20
2690,374
2691,463
2692,165
2693,4
2694,91
2695,93
2696,267
2697,70
2698,7
2699,260
2700,328
2701,35
2702,364
2703,10
2704,332
2705,596
2706,32
2707,283
2708,198
2709,3
2710,84
2711,31
2712,7
2713,215
2714,152
2715,25
2716,125
2717,140
2718,8
2719,42
2720,314
2721,72
2722,392
2723,467
2724,390
2725,123
2726,106
2727,74
2728,7
2729,9
2730,2
2731,11
2732,158
2733,16
2734,117
2735,87
2736,29
2737,13
2738,290
2739,4
2740,66
2741,14
2742,569
2743,668
2744,427
2745,13
2746,11
2747,185
2748,499
2749,17
2750,17
2751,35
2752,610
2753,64
2754,250
2755,261
2756,594
2757,7
2758,460
2759,12
2760,1
2761,466
2762,196
2763,5
2764,32
2765,94
2766,417
2767,83
2768,28
2769,7
2770,79
2771,271
2772,362
2773,50
2774,248
2775,272
2776,281
2777,130
2778,9
2779,471
2780,425
2781,1
2782,97
2783,128
2784,387
2785,116
2786,209
2787,46
2788,394
2789,146
2790,14
2791,354
2792,41
2793,154
2794,569
2795,238
2796,4
2797,235
2798,222
2799,162
2800,243
2801,306
2802,94
2803,39
2804,181
2805,405
2806,136
2807,81
2808,316
2809,91
2810,46
2811,8
2812,193
2813,7
2814,45
2815,531
2816,679
2817,194
2818,113
2819,10
2820,3
2821,2
2822,134
2823,184
2824,917
2825,363
2826,31
2827,181
2828,23
2829,231
2830,776
2831,37
2832,5
2833,161
2834,1
2835,3
2836,4
2837,26
2838,314
2839,188
2840,458
2841,143
2842,121
2843,13
2844,539
2845,165
2846,472
2847,6
2848,334
2849,191
2850,111
2851,88
2852,75
2853,620
2854,197
2855,64
2856,5
2857,56
2858,38
2859,430
2860,163
2861,543
2862,4
2863,10
2864,47
2865,23
2866,424
2867,36
2868,269
2869,15
2870,30
2871,82
2872,88
2873,132
2874,50
2875,269
2876,223
2877,142
2878,325
2879,53
2880,111
2881,3
2882,99
2883,233
2884,44
2885,594
2886,37
2887,97
2888,383
2889,262
2890,213
2891,22
2892,27
2893,88
2894,103
2895,45
2896,238
2897,397
2898,135
2899,12
2900,28
2901,3
2902,75
2903,258
2904,19
2905,205
2906,6
2907,233
2908,30
2909,244
2910,326
2911,30
2912,260
2913,242
2914,464
2915,41
2916,152
2917,49
2918,229
2919,393
2920,267
2921,132
2922,82
2923,506
2924,33
2925,250
2926,249
2927,15
2928,136
2929,433
2930,5
2931,280
2932,12
2933,132
2934,88
2935,21
2936,333
2937,217
2938,157
2939,189
2940,203
2941,432
2942,137
2943,51
2944,544
2945,21
2946,167
2947,94
2948,224
2949,148
2950,64
2951,90
2952,132
2953,71
2954,142
2955,207
2956,113
2957,49
2958,8
2959,66
2960,327
2961,478
2962,407
2963,123
2964,127
2965,597
2966,216
2967,104
2968,313
2969,7
2970,164
2971,225
2972,401
2973,86
2974,270
2975,232
2976,154
2977,292
2978,110
2979,374
2980,1
2981,68
2982,259
2983,239
2984,299
2985,138
2986,284
2987,118
2988,568
2989,283
2990,505
2991,357
2992,508
2993,119
2994,1
2995,679
2996,3
2997,150
2998,343
2999,148
3000,418
3001,52
3002,48
3003,10
3004,11
3005,334
3006,101
3007,351
3008,78
3009,148
3010,266
3011,136
3012,215
3013,524
3014,547
3015,332
3016,270
3017,203
3018,266
3019,66
3020,53
3021,213
3022,93
3023,299
3024,644
3025,44
3026,211
3027,162
3028,5
3029,302
3030,145
3031,3
3032,139
3033,79
3034,355
3035,56
3036,177
3037,284
3038,194
3039,141
3040,626
3041,170
3042,202
3043,617
3044,46
3045,238
3046,35
3047,616
3048,360
3049,4
3050,288
3051,317
3052,32
3053,317
3054,48
3055,103
3056,343
3057,17
3058,14
3059,303
3060,6
3061,87
3062,119
3063,531
3064,498
3065,150
3066,263
3067,111
3068,199
3069,451
3070,2
3071,399
3072,187
3073,21
3074,216
3075,78
3076,117
3077,313
3078,70
3079,153
3080,3
3081,302
3082,191
3083,446
3084,7
3085,346
3086,87
3087,203
3088,267
3089,839
3090,3
3091,487
3092,345
3093,239
3094,237
3095,157
3096,221
3097,129
3098,262
3099,96
3100,10
3101,8
3102,167
3103,555
3104,138
3105,156
3106,62
3107,139
3108,1
3109,292
3110,34
3111,253
3112,220
3113,522
3114,1
3115,114
3116,29
3117,164
3118,187
3119,218
3120,334
3121,276
3122,257
3123,358
3124,10
3125,75
3126,86
3127,459
3128,217
3129,153
3130,268
3131,199
3132,27
3133,117
3134,87
3135,230
3136,68
3137,223
3138,401
3139,27
3140,108
3141,179
3142,409
3143,288
3144,3
3145,209
3146,257
3147,180
3148,6
3149,59
3150,83
3151,44
3152,236
3153,18
3154,178
3155,109
3156,134
3157,466
3158,173
3159,280
3160,239
3161,495
3162,2
3163,183
3164,472
3165,1
3166,297
3167,712
3168,235
3169,165
3170,300
3171,721
3172,465
3173,96
3174,6
3175,193
3176,659
3177,178
3178,362
3179,51
3180,365
3181,566
3182,234
3183,188
3184,185
3185,382
3186,164
3187,324
3188,93
3189,76
3190,45
3191,291
3192,14
3193,216
3194,341
3195,229
3196,42
3197,17
3198,20
3199,197
3200,26
3201,197
3202,525
3203,9
3204,203
3205,36
3206,56
3207,108
3208,113
3209,4
3210,237
3211,20
3212,99
3213,320
3214,20
3215,48
3216,5
3217,140
3218,45
3219,71
3220,233
3221,144
3222,14
3223,127
3224,7
3225,13
3226,109
3227,48
3228,127
3229,371
3230,73
3231,105
3232,368
3233,319
3234,124
3235,147
3236,29
3237,168
3238,539
3239,5
3240,4
3241,92
3242,275
3243,5
3244,64
3245,105
3246,8
3247,173
3248,27
3249,38
3250,12
3251,315
3252,155
3253,403
3254,210
3255,770
3256,221
3257,7
3258,89
3259,63
3260,110
3261,33
3262,313
3263,848
3264,646
3265,259
3266,119
3267,9
3268,97
3269,73
3270,14
3271,191
3272,694
3273,214
3274,76
3275,70
3276,245
3277,342
3278,39
3279,327
3280,124
3281,390
3282,580
3283,389
3284,317
3285,267
3286,70
3287,359
3288,5
3289,179
3290,520
3291,1
3292,14
3293,331
3294,291
3295,254
3296,17
3297,300
3298,9
3299,319
3300,12
3301,260
3302,5
3303,71
3304,223
3305,58
3306,264
3307,241
3308,134
3309,195
3310,472
3311,126
3312,217
3313,271
3314,6
3315,42
3316,154
3317,87
3318,11
3319,99
3320,162
3321,6
3322,2
3323,744
3324,270
3325,12
3326,98
3327,4
3328,495
3329,25
3330,79
3331,274
3332,39
3333,31
3334,681
3335,9
3336,64
3337,161
3338,172
3339,154
3340,61
3341,106
3342,118
3343,17
3344,195
3345,23
3346,354
3347,190
3348,134
3349,5
3350,5
3351,25
3352,118
3353,558
3354,512
3355,84
3356,24
3357,212
3358,215
3359,165
3360,476
3361,10
3362,108
3363,367
3364,60
3365,152
3366,150
3367,153
3368,554
3369,192
3370,203
3371,190
3372,37
3373,24
3374,576
3375,174
3376,95
3377,58
3378,175
3379,447
3380,546
3381,7
3382,54
3383,682
3384,299
3385,30
3386,194
3387,147
3388,264
3389,202
3390,1
3391,218
3392,251
3393,12
3394,112
3395,7
3396,233
3397,166
3398,564
3399,309
3400,413
3401,112
3402,45
3403,10
3404,2
3405,1
3406,169
3407,529
3408,302
3409,219
3410,168
3411,62
3412,576
3413,9
3414,2
3415,146
3416,29
3417,11
3418,232
3419,26
3420,289
3421,423
3422,524
3423,344
3424,1
3425,109
3426,16
3427,202
3428,3
3429,60
3430,414
3431,245
3432,276
3433,562
3434,172
3435,6
3436,62
3437,400
3438,2
3439,122
3440,107
3441,420
3442,222
3443,5
3444,37
3445,61
3446,693
3447,892
3448,147
3449,11
3450,192
3451,528
3452,44
3453,104
3454,294
3455,6
3456,109
3457,78
3458,238
3459,20
3460,135
3461,127
3462,216
3463,71
3464,233
3465,161
3466,217
3467,352
3468,26
3469,106
3470,137
3471,3
3472,436
3473,464
3474,187
3475,73
3476,204
3477,5
3478,8
3479,106
3480,31
3481,52
3482,7
3483,21
3484,31
3485,41
3486,204
3487,68
3488,118
3489,91
3490,108
3491,321
3492,313
3493,2
3494,118
3495,138
3496,531
3497,34
3498,329
3499,88
3500,82
3501,28
3502,61
3503,534
3504,481
3505,120
3506,5
3507,241
3508,28
3509,27
3510,189
3511,837
3512,223
3513,50
3514,214
3515,62
3516,13
3517,319
3518,11
3519,6
3520,811
3521,227
3522,105
3523,314
3524,398
3525,404
3526,315
3527,344
3528,263
3529,226
3530,16
3531,209
3532,432
3533,798
3534,827
3535,681
3536,29
3537,596
3538,25
3539,823
3540,87
3541,111
3542,291
3543,274
3544,461
3545,81
3546,178
3547,190
3548,314
3549,42
3550,89
3551,792
3552,704
3553,159
3554,398
3555,128
3556,205
3557,28
3558,40
3559,20
3560,178
3561,560
3562,82
3563,11
3564,27
3565,31
3566,689
3567,210
3568,51
3569,35
3570,40
3571,152
3572,98
3573,42
3574,201
3575,367
3576,71
3577,1
3578,2
3579,28
3580,123
3581,80
3582,757
3583,12
3584,197
3585,299
3586,4
3587,92
3588,114
3589,265
3590,72
3591,140
3592,4
3593,22
3594,309
3595,181
3596,177
3597,35
3598,34
3599,8
3600,287
3601,40
3602,331
3603,175
3604,417
3605,232
3606,225
3607,87
3608,104
3609,160
3610,299
3611,62
3612,112
3613,867
3614,493
3615,266
3616,96
3617,659
3618,605
3619,248
3620,132
3621,28
3622,352
3623,454
3624,140
3625,814
3626,508
3627,321
3628,14
3629,50
3630,38
3631,1
3632,3
3633,10
3634,326
3635,34
3636,15
3637,48
3638,31
3639,92
3640,192
3641,178
3642,4
3643,187
3644,168
3645,3
3646,202
3647,343
3648,174
3649,300
3650,316
3651,328
3652,166
3653,14
3654,122
3655,425
3656,406
3657,32
3658,5
3659,357
3660,336
3661,45
3662,555
3663,189
3664,281
3665,614
3666,11
3667,6
3668,123
3669,3
3670,21
3671,566
3672,178
3673,136
3674,175
3675,109
3676,389
3677,3
3678,390
3679,99
3680,375
3681,633
3682,211
3683,343
3684,134
3685,356
3686,101
3687,416
3688,21
3689,154
3690,5
3691,12
3692,288
3693,35
3694,592
3695,134
3696,13
3697,4
3698,326
3699,351
3700,73
3701,233
3702,108
3703,376
3704,164
3705,447
3706,131
3707,395
3708,346
3709,390
3710,292
3711,31
3712,43
3713,175
3714,514
3715,18
3716,24
3717,138
3718,22
3719,141
3720,176
3721,16
3722,409
3723,5
3724,80
3725,356
3726,369
3727,18
3728,520
3729,233
3730,4
3731,160
3732,264
3733,319
3734,171
3735,15
3736,24
3737,69
3738,188
3739,88
3740,463
3741,20
3742,89
3743,132
3744,182
3745,277
3746,122
3747,110
3748,6
3749,266
3750,128
3751,69
3752,40
3753,62
3754,32
3755,70
3756,267
3757,75
3758,127
3759,299
3760,418
3761,154
3762,4
3763,93
3764,35
3765,4
3766,466
3767,681
3768,140
3769,66
3770,18
3771,47
3772,288
3773,164
3774,50
3775,55
3776,269
3777,26
3778,386
3779,164
3780,179
3781,53
3782,35
3783,110
3784,291
3785,68
3786,2
3787,216
3788,314
3789,136
3790,1
3791,229
3792,3
3793,692
3794,345
3795,173
3796,255
3797,233
3798,3
3799,711
3800,131
3801,116
3802,389
3803,371
3804,31
3805,368
3806,18
3807,61
3808,11
3809,28
3810,232
3811,456
3812,37
3813,4
3814,9
3815,285
3816,474
3817,189
3818,500
3819,39
3820,264
3821,51
3822,56
3823,382
3824,190
3825,20
3826,6
3827,106
3828,136
3829,1
3830,103
3831,27
3832,207
3833,31
3834,219
3835,182
3836,337
3837,142
3838,167
3839,95
3840,223
3841,90
3842,213
3843,286
3844,138
3845,151
3846,38
3847,99
3848,69
3849,241
3850,79
3851,391
3852,303
3853,245
3854,5
3855,70
3856,672
3857,6
3858,32
3859,21
3860,126
3861,54
3862,74
3863,517
3864,171
3865,246
3866,155
3867,267
3868,69
3869,481
3870,3
3871,85
3872,140
3873,126
3874,64
3875,134
3876,316
3877,259
3878,264
3879,207
3880,26
3881,54
3882,259
3883,23
3884,19
3885,198
3886,221
3887,122
3888,217
3889,54
3890,357
3891,22
3892,272
3893,47
3894,481
3895,11
3896,243
3897,356
3898,324
3899,292
3900,87
3901,239
3902,10
3903,7
3904,256
3905,12
3906,63
3907,375
3908,159
3909,618
3910,11
3911,170
3912,50
3913,38
3914,271
3915,68
3916,674
3917,348
3918,148
3919,274
3920,470
3921,231
3922,230
3923,182
3924,59
3925,377
3926,307
3927,283
3928,47
3929,180
3930,58
3931,52
3932,108
3933,87
3934,166
3935,285
3936,372
3937,235
3938,19
3939,151
3940,320
3941,5
3942,78
3943,702
3944,129
3945,14
3946,385
3947,427
3948,277
3949,262
3950,586
3951,65
3952,801
3953,265
3954,41
3955,415
3956,19
3957,177
3958,113
3959,198
3960,12
3961,49
3962,178
3963,67
3964,72
3965,92
3966,177
3967,11
3968,678
3969,16
3970,54
3971,11
3972,73
3973,329
3974,7
3975,146
3976,262
3977,168
3978,2
3979,36
3980,90
3981,4
3982,283
3983,125
3984,225
3985,382
3986,151
3987,9
3988,1
3989,662
3990,69
3991,209
3992,124
3993,55
3994,668
3995,209
3996,157
3997,340
3998,198
3999,203
4000,50
4001,211
4002,517
4003,74
4004,168
4005,26
4006,24
4007,520
4008,385
4009,346
4010,54
4011,11
4012,330
4013,174
4014,57
4015,19
4016,5
4017,304
4018,25
4019,179
4020,180
4021,156
4022,704
4023,137
4024,130
4025,69
4026,78
4027,15
4028,626
4029,8
4030,39
4031,253
4032,23
4033,575
4034,61
4035,9
4036,22
4037,121
4038,41
4039,153
4040,26
4041,7
4042,232
4043,104
4044,190
4045,38
4046,142
4047,3
4048,40
4049,170
4050,230
4051,135
4052,16
4053,87
4054,190
4055,486
4056,41
4057,384
4058,266
4059,370
4060,790
4061,74
4062,398
4063,627
4064,136
4065,302
4066,326
4067,90
4068,64
4069,385
4070,178
4071,208
4072,653
4073,73
4074,496
4075,26
4076,152
4077,75
4078,30
4079,15
4080,260
4081,304
4082,248
4083,176
4084,124
4085,483
4086,6
4087,165
4088,417
4089,41
4090,159
4091,557
4092,96
4093,491
4094,62
4095,84
4096,184
4097,59
4098,704
4099,315
4100,79
4101,269
4102,28
4103,190
4104,303
4105,247
4106,95
4107,26
4108,244
4109,35
4110,55
4111,222
4112,151
4113,63
4114,90
4115,41
4116,3
4117,7
4118,74
4119,20
4120,28
4121,166
4122,495
4123,289
4124,50
4125,169
4126,130
4127,207
4128,21
4129,94
4130,141
4131,270
4132,119
4133,23
4134,146
4135,149
4136,104
4137,452
4138,107
4139,171
4140,35
4141,230
4142,260
4143,154
4144,489
4145,8
4146,187
4147,591
4148,227
4149,32
4150,10
4151,45
4152,203
4153,197
4154,149
4155,56
4156,196
4157,130
4158,202
4159,26
4160,112
4161,6
4162,174
4163,14
4164,247
4165,318
4166,5
4167,75
4168,17
4169,126
4170,15
4171,243
4172,76
4173,132
4174,473
4175,61
4176,627
4177,593
4178,432
4179,9
4180,593
4181,37
4182,167
4183,98
4184,135
4185,109
4186,159
4187,134
4188,71
4189,288
4190,117
4191,66
4192,205
4193,136
4194,28
4195,7
4196,943
4197,281
4198,334
4199,173
4200,123
4201,620
4202,147
4203,344
4204,148
4205,51
4206,200
4207,185
4208,67
4209,292
4210,2
4211,205
4212,175
4213,140
4214,96
4215,255
4216,61
4217,91
4218,19
4219,175
4220,253
4221,64
4222,133
4223,67
4224,35
4225,103
4226,222
4227,1
4228,265
4229,11
4230,68
4231,1
4232,10
4233,151
4234,99
4235,137
4236,373
4237,5
4238,7
4239,52
4240,20
4241,4
4242,6
4243,43
4244,15
4245,194
4246,5
4247,454
4248,203
4249,310
4250,104
4251,189
4252,180
4253,349
4254,180
4255,373
4256,125
4257,441
4258,227
4259,338
4260,15
4261,7
4262,172
4263,64
4264,106
4265,42
4266,190
4267,353
4268,119
4269,80
4270,343
4271,9
4272,386
4273,32
4274,71
4275,206
4276,17
4277,170
4278,128
4279,477
4280,467
4281,89
4282,205
4283,164
4284,511
4285,46
4286,268
4287,14
4288,118
4289,293
4290,199
4291,331
4292,125
4293,141
4294,154
4295,227
4296,16
4297,188
4298,30
4299,130
4300,57
4301,146
4302,182
4303,384
4304,13
4305,733
4306,353
4307,31
4308,224
4309,219
4310,402
4311,282
4312,228
4313,102
4314,16
4315,17
4316,577
4317,157
4318,57
4319,161
4320,212
4321,196
4322,133
4323,62
4324,92
4325,328
4326,256
4327,125
4328,423
4329,181
4330,380
4331,597
4332,3
4333,220
4334,5
4335,2
4336,11
4337,31
4338,493
4339,344
4340,178
4341,442
4342,345
4343,432
4344,38
4345,200
4346,14
4347,184
4348,203
4349,90
4350,457
4351,4
4352,254
4353,268
4354,407
4355,66
4356,72
4357,20
4358,84
4359,93
4360,272
4361,6
4362,113
4363,349
4364,813
4365,230
4366,8
4367,41
4368,71
4369,492
4370,450
4371,136
4372,4
4373,140
4374,582
4375,192
4376,218
4377,29
4378,75
4379,305
4380,402
4381,156
4382,738
4383,117
4384,180
4385,190
4386,488
4387,107
4388,280
4389,349
4390,116
4391,281
4392,254
4393,38
4394,561
4395,37
4396,287
4397,273
4398,390
4399,192
4400,8
4401,62
4402,490
4403,3
4404,524
4405,174
4406,201
4407,18
4408,152
4409,161
4410,141
4411,111
4412,8
4413,598
4414,164
4415,320
4416,50
4417,64
4418,79
4419,181
4420,11
4421,97
4422,102
4423,336
4424,201
4425,404
4426,330
4427,270
4428,233
4429,124
4430,609
4431,88
4432,431
4433,324
4434,46
4435,21
4436,29
4437,333
4438,249
4439,363
4440,2
4441,184
4442,163
4443,630
4444,40
4445,52
4446,33
4447,102
4448,140
4449,189
4450,328
4451,359
4452,3
4453,6
4454,267
4455,505
4456,441
4457,856
4458,800
4459,10
4460,292
4461,132
4462,139
4463,171
4464,229
4465,179
4466,135
4467,141
4468,428
4469,774
4470,395
4471,417
4472,17
4473,79
4474,278
4475,358
4476,175
4477,281
4478,169
4479,822
4480,4
4481,65
4482,47
4483,355
4484,288
4485,57
4486,97
4487,256
4488,9
4489,187
4490,273
4491,212
4492,276
4493,76
4494,69
4495,232
4496,150
4497,450
4498,498
4499,16
4500,11
4501,606
4502,168
4503,605
4504,315
4505,578
4506,253
4507,184
4508,358
4509,90
4510,4
4511,78
4512,293
4513,4
4514,344
4515,75
4516,68
4517,238
4518,237
4519,461
4520,78
4521,6
4522,900
4523,189
4524,186
4525,57
4526,130
4527,229
4528,21
4529,265
4530,4
4531,205
4532,349
4533,408
4534,11
4535,6
4536,106
4537,26
4538,586
4539,230
4540,528
4541,34
4542,348
4543,123
4544,23
4545,67
4546,478
4547,119
4548,6
4549,244
4550,414
4551,84
4552,184
4553,413
4554,57
4555,152
4556,10
4557,129
4558,39
4559,4
4560,256
4561,263
4562,179
4563,29
4564,121
4565,360
4566,4
4567,129
4568,360
4569,10
4570,82
4571,165
4572,10
4573,520
4574,257
4575,165
4576,487
4577,182
4578,366
4579,17
4580,21
4581,628
4582,321
4583,463
4584,12
4585,545
4586,212
4587,331
4588,63
4589,162
4590,164
4591,371
4592,616
4593,447
4594,34
4595,37
4596,332
4597,395
4598,20
4599,253
4600,7
4601,835
4602,153
4603,492
4604,103
4605,222
4606,290
4607,24
4608,416
4609,52
4610,226
4611,180
4612,394
4613,249
4614,4
4615,381
4616,823
4617,475
4618,511
4619,6
4620,131
4621,499
4622,314
4623,214
4624,120
4625,3
4626,9
4627,348
4628,92
4629,154
4630,18
4631,309
4632,14
4633,712
4634,207
4635,743
4636,586
4637,1
4638,219
4639,50
4640,269
4641,70
4642,364
4643,132
4644,687
4645,228
4646,33
4647,287
4648,10
4649,280
4650,5
4651,15
4652,52
4653,167
4654,274
4655,193
4656,60
4657,530
4658,16
4659,2
4660,14
4661,9
4662,26
4663,47
4664,7
4665,9
4666,226
4667,11
4668,409
4669,171
4670,52
4671,287
4672,66
4673,134
4674,276
4675,115
4676,20
4677,457
4678,57
4679,505
4680,316
4681,48
4682,46
4683,63
4684,3
4685,248
4686,806
4687,109
4688,311
4689,147
4690,112
4691,123
4692,55
4693,27
4694,264
4695,224
4696,513
4697,58
4698,306
4699,31
4700,2
4701,408
4702,379
4703,51
4704,10
4705,10
4706,103
4707,88
4708,6
4709,226
4710,88
4711,590
4712,18
4713,66
4714,351
4715,123
4716,65
4717,17
4718,119
4719,353
4720,10
4721,19
4722,3
4723,263
4724,89
4725,207
4726,746
4727,408
4728,121
4729,298
4730,313
4731,4
4732,327
4733,225
4734,698
4735,260
4736,280
4737,34
4738,154
4739,90
4740,427
4741,153
4742,563
4743,12
4744,290
4745,86
4746,214
4747,367
4748,228
4749,78
4750,349
4751,19
4752,219
4753,16
4754,8
4755,171
4756,558
4757,313
4758,149
4759,390
4760,28
4761,10
4762,681
4763,334
4764,85
4765,479
4766,374
4767,30
4768,263
4769,82
4770,46
4771,144
4772,590
4773,312
4774,12
4775,274
4776,87
4777,196
4778,214
4779,545
4780,297
4781,289
4782,172
4783,20
4784,162
4785,470
4786,546
4787,67
4788,566
4789,204
4790,60
4791,78
4792,94
4793,168
4794,129
4795,96
4796,226
4797,2
4798,568
4799,395
4800,366
4801,285
4802,315
4803,11
4804,241
4805,187
4806,270
4807,212
4808,579
4809,379
4810,9
4811,10
4812,46
4813,2
4814,12
4815,302
4816,466
4817,154
4818,147
4819,402
4820,583
4821,326
4822,517
4823,102
4824,44
4825,706
4826,13
4827,239
4828,459
4829,88
4830,170
4831,207
4832,228
4833,21
4834,50
4835,38
4836,167
4837,20
4838,296
4839,162
4840,279
4841,256
4842,495
4843,50
4844,81
4845,224
4846,251
4847,183
4848,5
4849,3
4850,60
4851,325
4852,182
4853,212
4854,405
4855,7
4856,78
4857,420
4858,124
4859,6
4860,334
4861,38
4862,63
4863,36
4864,151
4865,566
4866,33
4867,421
4868,79
4869,7
4870,72
4871,12
4872,150
4873,125
4874,121
4875,122
4876,237
4877,366
4878,190
4879,273
4880,224
4881,223
4882,268
4883,3
4884,13
4885,69
4886,217
4887,228
4888,130
4889,15
4890,128
4891,9
4892,241
4893,5
4894,227
4895,3
4896,255
4897,33
4898,55
4899,1
4900,638
4901,356
4902,219
4903,420
4904,63
4905,372
4906,129
4907,80
4908,206
4909,130
4910,45
4911,131
4912,29
4913,175
4914,189
4915,298
4916,600
4917,19
4918,46
4919,23
4920,155
4921,242
4922,239
4923,3
4924,5
4925,3
4926,101
4927,255
4928,160
4929,198
4930,260
4931,288
4932,8
4933,187
4934,195
4935,59
4936,262
4937,103
4938,153
4939,141
4940,5
4941,13
4942,19
4943,84
4944,180
4945,111
4946,6
4947,123
4948,306
4949,459
4950,7
4951,167
4952,228
4953,19
4954,107
4955,5
4956,97
4957,5
4958,493
4959,87
4960,218
4961,56
4962,457
4963,713
4964,118
4965,108
4966,210
4967,101
4968,40
4969,5
4970,126
4971,335
4972,428
4973,220
4974,209
4975,837
4976,370
4977,676
4978,105
4979,28
4980,328
4981,489
4982,362
4983,283
4984,135
4985,15
4986,3
4987,188
4988,139
4989,8
4990,122
4991,196
4992,537
4993,72
4994,229
4995,18
4996,161
4997,251
4998,37
4999,244
5000,705
5001,10
5002,64
5003,7
5004,148
5005,130
5006,257
5007,172
5008,36
5009,40
5010,13
5011,1
5012,540
5013,153
5014,214
5015,2
5016,161
5017,169
5018,197
5019,499
5020,723
5021,118
5022,12
5023,154
5024,46
5025,339
5026,204
5027,638
5028,505
5029,563
5030,22
5031,96
5032,251
5033,34
5034,192
5035,212
5036,14
5037,262
5038,418
5039,392
5040,7
5041,2
5042,93
5043,11
5044,19
5045,68
5046,130
5047,590
5048,335
5049,5
5050,353
5051,1
5052,198
5053,205
5054,700
5055,35
5056,144
5057,166
5058,309
5059,274
5060,230
5061,365
5062,280
5063,770
5064,10
5065,25
5066,101
5067,32
5068,145
5069,440
5070,87
5071,52
5072,127
5073,203
5074,332
5075,177
5076,11
5077,236
5078,12
5079,334
5080,49
5081,215
5082,526
5083,32
5084,302
5085,35
5086,85
5087,3
5088,147
5089,7
5090,21
5091,311
5092,284
5093,93
5094,491
5095,6
5096,431
5097,82
5098,338
5099,17
5100,177
5101,129
5102,485
5103,33
5104,835
5105,520
5106,96
5107,17
5108,17
5109,62
5110,204
5111,6
5112,533
5113,214
5114,27
5115,15
5116,292
5117,8
5118,350
5119,442
5120,290
5121,271
5122,11
5123,140
5124,11
5125,220
5126,136
5127,86
5128,304
5129,21
5130,29
5131,20
5132,17
5133,180
5134,88
5135,55
5136,192
5137,396
5138,7
5139,355
5140,245
5141,120
5142,29
5143,18
5144,4
5145,12
5146,389
5147,350
5148,202
5149,119
5150,367
5151,394
5152,377
5153,238
5154,102
5155,378
5156,37
5157,45
5158,133
5159,126
5160,358
5161,11
5162,143
5163,779
5164,81
5165,202
5166,423
5167,809
5168,4
5169,189
5170,6
5171,123
5172,20
5173,17
5174,182
5175,33
5176,29
5177,341
5178,2
5179,126
5180,105
5181,207
5182,27
5183,279
5184,347
5185,354
5186,100
5187,286
5188,455
5189,243
5190,90
5191,15
5192,120
5193,7
5194,15
5195,121
5196,48
5197,232
5198,404
5199,193
5200,154
5201,421
5202,170
5203,453
5204,2
5205,34
5206,495
5207,315
5208,3
5209,45
5210,562
5211,12
5212,10
5213,2
5214,704
5215,181
5216,53
5217,18
5218,370
5219,89
5220,10
5221,425
5222,4
5223,29
5224,365
5225,49
5226,243
5227,1
5228,231
5229,109
5230,6
5231,185
5232,165
5233,6
5234,381
5235,48
5236,472
5237,48
5238,243
5239,39
5240,566
5241,35
5242,406
5243,3
5244,18
5245,154
5246,214
5247,315
5248,145
5249,414
5250,464
5251,90
5252,20
5253,23
5254,342
5255,64
5256,170
5257,342
5258,203
5259,3
5260,253
5261,309
5262,451
5263,21
5264,334
5265,79
5266,17
5267,30
5268,236
5269,71
5270,57
5271,377
5272,30
5273,812
5274,134
5275,131
5276,140
5277,91
5278,92
5279,65
5280,384
5281,51
5282,183
5283,14
5284,84
5285,445
5286,45
5287,298
5288,130
5289,361
5290,523
5291,530
5292,214
5293,7
5294,554
5295,188
5296,573
5297,378
5298,227
5299,330
5300,527
5301,6
5302,201
5303,117
5304,155
5305,331
5306,24
5307,1
5308,287
5309,12
5310,168
5311,119
5312,122
5313,267
5314,499
5315,104
5316,151
5317,219
5318,89
5319,319
5320,83
5321,148
5322,116
5323,87
5324,18
5325,460
5326,456
5327,13
5328,94
5329,333
5330,87
5331,83
5332,101
5333,214
5334,87
5335,45
5336,515
5337,87
5338,55
5339,26
5340,2
5341,784
5342,819
5343,115
5344,170
5345,219
5346,592
5347,78
5348,302
5349,182
5350,215
5351,141
5352,54
5353,25
5354,1
5355,289
5356,457
5357,4
5358,2
5359,143
5360,414
5361,343
5362,146
5363,300
5364,125
5365,839
5366,299
5367,220
5368,611
5369,82
5370,330
5371,226
5372,298
5373,327
5374,17
5375,206
5376,188
5377,115
5378,481
5379,297
5380,47
5381,2
5382,5
5383,408
5384,501
5385,75
5386,64
5387,182
5388,595
5389,59
5390,10
5391,2
5392,336
5393,81
5394,306
5395,202
5396,3
5397,93
5398,5
5399,153
5400,12
5401,218
5402,19
5403,139
5404,454
5405,160
5406,254
5407,147
5408,77
5409,550
5410,117
5411,41
5412,3
5413,376
5414,400
5415,49
5416,483
5417,468
5418,380
5419,116
5420,153
5421,294
5422,458
5423,537
5424,139
5425,288
5426,157
5427,3
5428,656
5429,57
5430,293
5431,585
5432,170
5433,253
5434,170
5435,421
5436,238
5437,325
5438,135
5439,21
5440,68
5441,356
5442,235
5443,256
5444,79
5445,172
5446,106
5447,24
5448,156
5449,7
5450,86
5451,316
5452,321
5453,263
5454,114
5455,115
5456,28
5457,8
5458,228
5459,41
5460,73
5461,229
5462,41
5463,454
5464,247
5465,149
5466,256
5467,188
5468,5
5469,195
5470,271
5471,131
5472,92
5473,448
5474,24
5475,330
5476,192
5477,263
5478,499
5479,10
5480,285
5481,56
5482,168
5483,47
5484,425
5485,204
5486,71
5487,232
5488,632
5489,326
5490,12
5491,7
5492,151
5493,7
5494,58
5495,729
5496,141
5497,267
5498,279
5499,45
5500,98
5501,136
5502,43
5503,70
5504,217
5505,20
5506,109
5507,87
5508,204
5509,133
5510,180
5511,106
5512,97
5513,138
5514,37
5515,247
5516,17
5517,123
5518,307
5519,44
5520,100
5521,257
5522,73
5523,323
5524,115
5525,139
5526,436
5527,278
5528,162
5529,116
5530,49
5531,48
5532,7
5533,771
5534,118
5535,451
5536,13
5537,213
5538,134
5539,141
5540,178
5541,873
5542,197
5543,49
5544,87
5545,489
5546,26
5547,89
5548,4
5549,147
5550,143
5551,308
5552,1
5553,202
5554,10
5555,388
5556,82
5557,122
5558,290
5559,281
5560,8
5561,41
5562,204
5563,970
5564,226
5565,410
5566,1
5567,84
5568,318
5569,134
5570,252
5571,111
5572,59
5573,260
5574,263
5575,336
5576,32
5577,160
5578,9
5579,346
5580,175
5581,27
5582,10
5583,512
5584,117
5585,71
5586,7
5587,214
5588,337
5589,301
5590,343
5591,276
5592,715
5593,65
5594,304
5595,589
5596,273
5597,290
5598,179
5599,204
5600,212
5601,29
5602,271
5603,328
5604,240
5605,262
5606,171
5607,793
5608,104
5609,596
5610,168
5611,131
5612,115
5613,127
5614,455
5615,391
5616,484
5617,67
5618,104
5619,57
5620,1
5621,7
5622,201
5623,449
5624,1
5625,4
5626,294
5627,33
5628,109
5629,6
5630,549
5631,259
5632,62
5633,14
5634,571
5635,141
5636,868
5637,347
5638,229
5639,3
5640,45
5641,12
5642,23
5643,50
5644,82
5645,149
5646,6
5647,118
5648,51
5649,749
5650,359
5651,200
5652,2
5653,332
5654,211
5655,382
5656,123
5657,209
5658,21
5659,281
5660,259
5661,243
5662,8
5663,131
5664,332
5665,239
5666,70
5667,283
5668,171
5669,8
5670,102
5671,242
5672,480
5673,364
5674,144
5675,423
5676,50
5677,549
5678,174
5679,272
5680,739
5681,185
5682,35
5683,891
5684,25
5685,92
5686,16
5687,307
5688,1
5689,389
5690,212
5691,649
5692,48
5693,152
5694,641
5695,123
5696,4
5697,25
5698,87
5699,357
5700,370
5701,257
5702,205
5703,204
5704,628
5705,94
5706,337
5707,53
5708,83
5709,43
5710,6
5711,110
5712,244
5713,400
5714,56
5715,3
5716,5
5717,9
5718,35
5719,152
5720,376
5721,743
5722,163
5723,5
5724,129
5725,183
5726,15
5727,105
5728,152
5729,592
5730,354
5731,63
5732,193
5733,119
5734,3
5735,118
5736,221
5737,122
5738,13
5739,47
5740,42
5741,731
5742,318
5743,141
5744,15
5745,179
5746,1
5747,296
5748,245
5749,9
5750,4
5751,551
5752,324
5753,169
5754,20
5755,286
5756,233
5757,120
5758,341
5759,245
5760,29
5761,83
5762,64
5763,179
5764,159
5765,40
5766,110
5767,16
5768,33
5769,286
5770,158
5771,87
5772,147
5773,17
5774,255
5775,237
5776,121
5777,102
5778,56
5779,205
5780,546
5781,15
5782,835
5783,463
5784,4
5785,365
5786,369
5787,432
5788,118
5789,135
5790,4
5791,342
5792,246
5793,46
5794,219
5795,224
5796,299
5797,418
5798,70
5799,18
5800,11
5801,16
5802,183
5803,647
5804,67
5805,194
5806,508
5807,278
5808,199
5809,193
5810,236
5811,33
5812,212
5813,273
5814,95
5815,102
5816,28
5817,118
5818,41
5819,340
5820,291
5821,1
5822,61
5823,263
5824,388
5825,4
5826,16
5827,445
5828,152
5829,38
5830,283
5831,154
5832,258
5833,586
5834,365
5835,9
5836,312
5837,139
5838,251
5839,86
5840,129
5841,401
5842,527
5843,80
5844,11
5845,179
5846,392
5847,9
5848,56
5849,312
5850,294
5851,16
5852,201
5853,202
5854,183
5855,225
5856,45
5857,32
5858,319
5859,88
5860,377
5861,503
5862,207
5863,504
5864,382
5865,327
5866,210
5867,280
5868,74
5869,9
5870,37
5871,627
5872,388
5873,303
5874,122
5875,111
5876,13
5877,196
5878,234
5879,138
5880,78
5881,225
5882,46
5883,9
5884,5
5885,6
5886,33
5887,48
5888,2
5889,408
5890,26
5891,398
5892,623
5893,569
5894,114
5895,99
5896,283
5897,20
5898,20
5899,381
5900,214
5901,192
5902,199
5903,178
5904,25
5905,40
5906,121
5907,604
5908,43
5909,111
5910,383
5911,294
5912,33
5913,555
5914,96
5915,19
5916,355
5917,478
5918,38
5919,258
5920,233
5921,56
5922,312
5923,57
5924,12
5925,13
5926,13
5927,177
5928,226
5929,409
5930,46
5931,234
5932,128
5933,15
5934,706
5935,26
5936,168
5937,512
5938,21
5939,527
5940,72
5941,434
5942,772
5943,129
5944,297
5945,627
5946,289
5947,4
5948,111
5949,28
5950,52
5951,259
5952,5
5953,277
5954,190
5955,342
5956,457
5957,9
5958,439
5959,218
5960,31
5961,308
5962,2
5963,646
5964,1
5965,21
5966,98
5967,235
5968,214
5969,731
5970,16
5971,397
5972,13
5973,884
5974,153
5975,595
5976,127
5977,47
5978,153
5979,251
5980,283
5981,59
5982,77
5983,17
5984,8
5985,300
5986,43
5987,108
5988,278
5989,41
5990,4
5991,181
5992,16
5993,6
5994,106
5995,8
5996,622
5997,370
5998,138
5999,3
6000,14
6001,388
6002,173
6003,381
6004,139
6005,237
6006,93
6007,233
6008,111
6009,23
6010,281
6011,5
6012,127
6013,105
6014,112
6015,63
6016,122
6017,10
6018,14
6019,358
6020,265
6021,154
6022,6
6023,97
6024,211
6025,107
6026,248
6027,176
6028,196
6029,88
6030,42
6031,738
6032,154
6033,459
6034,181
6035,51
6036,248
6037,362
6038,135
6039,686
6040,217
6041,260
6042,20
6043,37
6044,170
6045,350
6046,33
6047,254
6048,93
6049,28
6050,33
6051,4
6052,153
6053,213
6054,519
6055,78
6056,10
6057,213
6058,17
6059,6
6060,179
6061,14
6062,518
6063,73
6064,89
6065,134
6066,43
6067,16
6068,372
6069,310
6070,51
6071,203
6072,15
6073,6
6074,8
6075,141
6076,198
6077,316
6078,125
6079,644
6080,195
6081,192
6082,42
6083,569
6084,570
6085,123
6086,27
6087,150
6088,15
6089,110
6090,230
6091,428
6092,813
6093,370
6094,254
6095,325
6096,66
6097,339
6098,243
6099,94
6100,99
6101,9
6102,427
6103,8
6104,657
6105,14
6106,77
6107,7
6108,248
6109,865
6110,362
6111,24
6112,620
6113,7
6114,207
6115,175
6116,251
6117,245
6118,644
6119,232
6120,52
6121,128
6122,478
6123,275
6124,86
6125,166
6126,72
6127,232
6128,407
6129,613
6130,422
6131,22
6132,119
6133,488
6134,479
6135,123
6136,328
6137,205
6138,10
6139,134
6140,366
6141,476
6142,209
6143,58
6144,9
6145,285
6146,455
6147,200
6148,230
6149,445
6150,518
6151,46
6152,127
6153,181
6154,218
6155,5
6156,689
6157,715
6158,277
6159,21
6160,109
6161,16
6162,205
6163,214
6164,174
6165,294
6166,514
6167,223
6168,130
6169,197
6170,26
6171,369
6172,377
6173,46
6174,21
6175,120
6176,308
6177,305
6178,190
6179,854
6180,128
6181,116
6182,104
6183,17
6184,433
6185,4
6186,138
6187,11
6188,2
6189,5
6190,74
6191,16
6192,113
6193,67
6194,202
6195,312
6196,427
6197,13
6198,331
6199,5
6200,259
6201,6
6202,479
6203,12
6204,45
6205,184
6206,69
6207,24
6208,264
6209,150
6210,194
6211,295
6212,391
6213,235
6214,165
6215,312
6216,491
6217,270
6218,282
6219,458
6220,30
6221,248
6222,46
6223,16
6224,239
6225,107
6226,641
6227,77
6228,363
6229,253
6230,8
6231,35
6232,41
6233,16
6234,11
6235,2
6236,2
6237,6
6238,45
6239,2
6240,107
6241,99
6242,9
6243,357
6244,281
6245,549
6246,155
6247,77
6248,236
6249,338
6250,15
6251,42
6252,220
6253,11
6254,640
6255,440
6256,133
6257,198
6258,562
6259,23
6260,41
6261,78
6262,213
6263,2
6264,265
6265,190
6266,349
6267,26
6268,63
6269,264
6270,189
6271,315
6272,68
6273,6
6274,278
6275,282
6276,8
6277,231
6278,9
6279,103
6280,395
6281,227
6282,93
6283,251
6284,51
6285,173
6286,45
6287,1
6288,133
6289,121
6290,83
6291,16
6292,126
6293,130
6294,41
6295,9
6296,31
6297,12
6298,7
6299,21
6300,159
6301,39
6302,114
6303,69
6304,81
6305,246
6306,701
6307,460
6308,287
6309,323
6310,46
6311,597
6312,95
6313,437
6314,54
6315,1
6316,619
6317,245
6318,123
6319,159
6320,166
6321,466
6322,33
6323,283
6324,512
6325,33
6326,485
6327,125
6328,71
6329,56
6330,200
6331,147
6332,27
6333,148
6334,468
6335,165
6336,212
6337,181
6338,109
6339,618
6340,89
6341,542
6342,167
6343,228
6344,810
6345,748
6346,21
6347,280
6348,2
6349,213
6350,230
6351,85
6352,357
6353,385
6354,274
6355,55
6356,11
6357,496
6358,105
6359,126
6360,178
6361,5
6362,134
6363,64
6364,205
6365,404
6366,128
6367,52
6368,337
6369,240
6370,102
6371,161
6372,174
6373,233
6374,332
6375,73
6376,164
6377,5
6378,112
6379,116
6380,17
6381,190
6382,327
6383,256
6384,204
6385,73
6386,84
6387,385
6388,107
6389,7
6390,591
6391,4
6392,124
6393,673
6394,341
6395,79
6396,50
6397,42
6398,29
6399,369
6400,263
6401,123
6402,270
6403,69
6404,244
6405,540
6406,296
6407,770
6408,219
6409,683
6410,75
6411,277
6412,69
6413,9
6414,8
6415,8
6416,5
6417,150
6418,126
6419,112
6420,1
6421,4
6422,107
6423,244
6424,354
6425,344
6426,87
6427,12
6428,170
6429,184
6430,144
6431,565
6432,182
6433,26
6434,363
6435,108
6436,435
6437,191
6438,275
6439,106
6440,1
6441,283
6442,321
6443,359
6444,377
6445,275
6446,140
6447,233
6448,68
6449,59
6450,50
6451,41
6452,1
6453,12
6454,211
6455,498
6456,5
6457,162
6458,44
6459,376
6460,77
6461,160
6462,70
6463,108
6464,337
6465,480
6466,94
6467,16
6468,133
6469,111
6470,185
6471,8
6472,12
6473,3
6474,18
6475,261
6476,269
6477,232
6478,495
6479,6
6480,9
6481,284
6482,114
6483,31
6484,164
6485,354
6486,10
6487,8
6488,162
6489,29
6490,164
6491,237
6492,274
6493,25
6494,39
6495,39
6496,24
6497,42
6498,1
6499,158
6500,7
6501,11
6502,349
6503,495
6504,320
6505,112
6506,141
6507,388
6508,386
6509,17
6510,361
6511,8
6512,7
6513,20
6514,516
6515,189
6516,260
6517,119
6518,95
6519,244
6520,94
6521,10
6522,81
6523,384
6524,91
6525,242
6526,777
6527,34
6528,47
6529,15
6530,1
6531,6
6532,9
6533,9
6534,33
6535,81
6536,276
6537,2
6538,156
6539,411
6540,191
6541,18
6542,64
6543,238
6544,223
6545,41
6546,285
6547,284
6548,352
6549,62
6550,237
6551,25
6552,48
6553,224
6554,10
6555,139
6556,782
6557,417
6558,31
6559,205
6560,40
6561,51
6562,20
6563,500
6564,448
6565,32
6566,737
6567,226
6568,398
6569,5
6570,285
6571,3
6572,101
6573,151
6574,102
6575,17
6576,27
6577,107
6578,164
6579,242
6580,70
6581,101
6582,282
6583,89
6584,5
6585,47
6586,184
6587,317
6588,4
6589,4
6590,617
6591,495
6592,315
6593,339
6594,229
6595,162
6596,10
6597,97
6598,17
6599,36
6600,239
6601,102
6602,281
6603,543
6604,155
6605,66
6606,220
6607,259
6608,128
6609,482
6610,108
6611,559
6612,60
6613,95
6614,4
6615,22
6616,140
6617,84
6618,498
6619,78
6620,734
6621,168
6622,69
6623,897
6624,37
6625,119
6626,58
6627,220
6628,717
6629,80
6630,43
6631,5
6632,179
6633,118
6634,205
6635,373
6636,65
6637,114
6638,379
6639,166
6640,232
6641,38
6642,24
6643,101
6644,563
6645,7
6646,74
6647,470
6648,361
6649,14
6650,585
6651,193
6652,489
6653,196
6654,149
6655,6
6656,4
6657,152
6658,235
6659,339
6660,591
6661,43
6662,71
6663,126
6664,86
6665,85
6666,120
6667,310
6668,375
6669,514
6670,571
6671,166
6672,54
6673,348
6674,111
6675,53
6676,259
6677,7
6678,106
6679,5
6680,30
6681,130
6682,58
6683,29
6684,62
6685,228
6686,155
6687,172
6688,34
6689,365
6690,162
6691,43
6692,23
6693,354
6694,163
6695,11
6696,14
6697,28
6698,208
6699,155
6700,43
6701,23
6702,514
6703,122
6704,306
6705,291
6706,384
6707,121
6708,91
6709,252
6710,24
6711,14
6712,211
6713,32
6714,14
6715,320
6716,301
6717,381
6718,147
6719,16
6720,585
6721,31
6722,551
6723,159
6724,2
6725,90
6726,28
6727,514
6728,578
6729,19
6730,500
6731,396
6732,223
6733,106
6734,112
6735,25
6736,2
6737,430
6738,7
6739,256
6740,50
6741,171
6742,412
6743,291
6744,70
6745,173
6746,142
6747,347
6748,139
6749,64
6750,90
6751,56
6752,360
6753,581
6754,11
6755,119
6756,285
6757,255
6758,260
6759,201
6760,162
6761,70
6762,502
6763,159
6764,39
6765,72
6766,50
6767,304
6768,175
6769,184
6770,172
6771,129
6772,504
6773,7
6774,315
6775,89
6776,397
6777,396
6778,2
6779,351
6780,6
6781,43
6782,785
6783,190
6784,385
6785,178
6786,95
6787,210
6788,215
6789,377
6790,14
6791,479
6792,724
6793,178
6794,210
6795,446
6796,179
6797,513
6798,2
6799,421
6800,58
6801,178
6802,287
6803,234
6804,5
6805,158
6806,268
6807,492
6808,411
6809,30
6810,137
6811,373
6812,177
6813,328
6814,11
6815,410
6816,6
6817,56
6818,132
6819,196
6820,489
6821,461
6822,11
6823,176
6824,150
6825,387
6826,87
6827,239
6828,72
6829,46
6830,114
6831,26
6832,86
6833,274
6834,76
6835,379
6836,20
6837,170
6838,338
6839,138
6840,152
6841,453
6842,40
6843,149
6844,361
6845,449
6846,506
6847,62
6848,6
6849,107
6850,185
6851,30
6852,13
6853,834
6854,217
6855,672
6856,336
6857,412
6858,92
6859,242
6860,10
6861,141
6862,318
6863,79
6864,2
6865,454
6866,393
6867,12
6868,249
6869,74
6870,332
6871,324
6872,402
6873,124
6874,384
6875,330
6876,165
6877,332
6878,200
6879,118
6880,411
6881,241
6882,407
6883,89
6884,283
6885,1
6886,468
6887,10
6888,84
6889,292
6890,440
6891,19
6892,319
6893,148
6894,347
6895,447
6896,5
6897,15
6898,507
6899,36
6900,14
6901,374
6902,72
6903,88
6904,6
6905,4
6906,367
6907,17
6908,98
6909,846
6910,87
6911,1
6912,78
6913,33
6914,21
6915,351
6916,167
6917,39
6918,446
6919,64
6920,4
6921,319
6922,218
6923,31
6924,66
6925,75
6926,367
6927,249
6928,21
6929,654
6930,133
6931,377
6932,334
6933,207
6934,138
6935,251
6936,435
6937,457
6938,292
6939,385
6940,475
6941,447
6942,8
6943,567
6944,392
6945,38
6946,148
6947,270
6948,46
6949,14
6950,470
6951,3
6952,270
6953,387
6954,83
6955,216
6956,95
6957,134
6958,180
6959,781
6960,293
6961,85
6962,142
6963,36
6964,23
6965,11
6966,360
6967,212
6968,423
6969,25
6970,7
6971,191
6972,2
6973,277
6974,41
6975,25
6976,1
6977,274
6978,16
6979,233
6980,89
6981,156
6982,295
6983,363
6984,303
6985,8
6986,306
6987,322
6988,5
6989,33
6990,288
6991,21
6992,402
6993,124
6994,302
6995,327
6996,509
6997,379
6998,73
6999,10
7000,76
7001,292
7002,292
7003,207
7004,248
7005,54
7006,138
7007,347
7008,140
7009,167
7010,274
7011,199
7012,446
7013,255
7014,88
7015,161
7016,326
7017,797
7018,62
7019,78
7020,573
7021,16
7022,75
7023,282
7024,4
7025,321
7026,266
7027,183
7028,120
7029,667
7030,28
7031,8
7032,3
7033,446
7034,88
7035,269
7036,74
7037,157
7038,5
7039,430
7040,186
7041,87
7042,375
7043,10
7044,193
7045,688
7046,176
7047,5
7048,68
7049,52
7050,103
7051,383
7052,89
7053,632
7054,5
7055,150
7056,26
7057,226
7058,555
7059,2
7060,27
7061,143
7062,219
7063,18
7064,48
7065,107
7066,77
7067,284
7068,16
7069,202
7070,30
7071,231
7072,46
7073,228
7074,125
7075,140
7076,121
7077,372
7078,237
7079,9
7080,274
7081,154
7082,239
7083,19
7084,24
7085,568
7086,148
7087,122
7088,288
7089,13
7090,15
7091,583
7092,643
7093,60
7094,81
7095,52
7096,306
7097,65
7098,305
7099,102
7100,16
7101,5
7102,36
7103,560
7104,422
7105,232
7106,342
7107,410
7108,311
7109,3
7110,18
7111,216
7112,10
7113,229
7114,115
7115,264
7116,347
7117,59
7118,238
7119,14
7120,119
7121,34
7122,25
7123,53
7124,100
7125,500
7126,27
7127,84
7128,300
7129,163
7130,205
7131,6
7132,14
7133,76
7134,111
7135,86
7136,159
7137,448
7138,409
7139,547
7140,57
7141,179
7142,2
7143,29
7144,50
7145,86
7146,698
7147,84
7148,2
7149,45
7150,10
7151,247
7152,579
7153,686
7154,113
7155,77
7156,24
7157,119
7158,343
7159,116
7160,129
7161,23
7162,20
7163,207
7164,69
7165,21
7166,4
7167,259
7168,489
7169,70
7170,71
7171,94
7172,331
7173,108
7174,78
7175,149
7176,337
7177,38
7178,673
7179,129
7180,90
7181,139
7182,53
7183,317
7184,419
7185,4
7186,13
7187,121
7188,101
7189,222
7190,18
7191,3
7192,295
7193,429
7194,274
7195,184
7196,267
7197,626
7198,311
7199,117
7200,55
7201,3
7202,10
7203,4
7204,100
7205,339
7206,416
7207,89
7208,247
7209,198
7210,256
7211,191
7212,79
7213,48
7214,34
7215,6
7216,25
7217,378
7218,159
7219,94
7220,377
7221,552
7222,2
7223,24
7224,679
7225,127
7226,3
7227,224
7228,28
7229,596
7230,355
7231,18
7232,163
7233,228
7234,136
7235,11
7236,65
7237,239
7238,527
7239,120
7240,216
7241,168
7242,212
7243,54
7244,651
7245,15
7246,58
7247,442
7248,280
7249,397
7250,292
7251,5
7252,159
7253,58
7254,12
7255,45
7256,241
7257,45
7258,432
7259,205
7260,287
7261,434
7262,327
7263,473
7264,272
7265,26
7266,2
7267,307
7268,80
7269,395
7270,12
7271,210
7272,1
7273,224
7274,104
7275,22
7276,76
7277,330
7278,629
7279,28
7280,24
7281,150
7282,178
7283,120
7284,197
7285,130
7286,7
7287,251
7288,362
7289,210
7290,396
7291,188
7292,3
7293,78
7294,185
7295,113
7296,268
7297,651
7298,79
7299,242
7300,128
7301,212
7302,18
7303,244
7304,59
7305,387
7306,72
7307,425
7308,9
7309,29
7310,59
7311,868
7312,311
7313,113
7314,89
7315,386
7316,559
7317,143
7318,93
7319,420
7320,216
7321,18
7322,319
7323,69
7324,343
7325,258
7326,108
7327,234
7328,585
7329,172
7330,268
7331,145
7332,33
7333,31
7334,343
7335,17
7336,99
7337,322
7338,125
7339,526
7340,44
7341,88
7342,5
7343,93
7344,29
7345,405
7346,355
7347,309
7348,250
7349,361
7350,105
7351,6
7352,276
7353,21
7354,788
7355,107
7356,183
7357,31
7358,75
7359,32
7360,265
7361,184
7362,708
7363,170
7364,146
7365,250
7366,304
7367,385
7368,74
7369,191
7370,14
7371,133
7372,192
7373,282
7374,817
7375,22
7376,642
7377,184
7378,43
7379,3
7380,541
7381,300
7382,5
7383,216
7384,450
7385,64
7386,142
7387,20
7388,10
7389,144
7390,219
7391,61
7392,20
7393,186
7394,4
7395,370
7396,36
7397,23
7398,235
7399,46
7400,480
7401,536
7402,335
7403,480
7404,28
7405,3
7406,161
7407,49
7408,500
7409,206
7410,2
7411,260
7412,643
7413,179
7414,288
7415,12
7416,164
7417,13
7418,209
7419,300
7420,276
7421,23
7422,240
7423,6
7424,485
7425,107
7426,410
7427,176
7428,593
7429,319
7430,292
7431,57
7432,181
7433,71
7434,300
7435,95
7436,478
7437,35
7438,205
7439,421
7440,93
7441,133
7442,79
7443,7
7444,2
7445,272
7446,112
7447,3
7448,268
7449,26
7450,5
7451,295
7452,224
7453,229
7454,82
7455,356
7456,181
7457,40
7458,112
7459,43
7460,83
7461,80
7462,691
7463,9
7464,62
7465,5
7466,232
7467,396
7468,310
7469,124
7470,301
7471,372
7472,56
7473,274
7474,638
7475,11
7476,25
7477,217
7478,16
7479,254
7480,229
7481,14
7482,517
7483,217
7484,23
7485,7
7486,2
7487,21
7488,124
7489,45
7490,284
7491,22
7492,436
7493,8
7494,108
7495,377
7496,48
7497,64
7498,23
7499,179
7500,203
7501,106
7502,60
7503,9
7504,25
7505,60
7506,209
7507,205
7508,21
7509,7
7510,32
7511,214
7512,12
7513,12
7514,459
7515,122
7516,421
7517,292
7518,282
7519,321
7520,209
7521,93
7522,24
7523,195
7524,178
7525,3
7526,2
7527,403
7528,106
7529,40
7530,195
7531,4
7532,191
7533,167
7534,294
7535,112
7536,337
7537,1
7538,222
7539,19
7540,191
7541,157
7542,1
7543,163
7544,501
7545,201
7546,668
7547,362
7548,145
7549,406
7550,1
7551,560
7552,308
7553,256
7554,4
7555,89
7556,173
7557,211
7558,199
7559,144
7560,51
7561,363
7562,258
7563,371
7564,5
7565,263
7566,388
7567,221
7568,470
7569,4
7570,604
7571,439
7572,222
7573,766
7574,547
7575,332
7576,165
7577,279
7578,25
7579,71
7580,37
7581,442
7582,362
7583,309
7584,14
7585,140
7586,167
7587,16
7588,287
7589,601
7590,1
7591,8
7592,560
7593,22
7594,511
7595,5
7596,120
7597,36
7598,459
7599,452
7600,306
7601,11
7602,244
7603,3
7604,6
7605,313
7606,453
7607,150
7608,34
7609,140
7610,11
7611,119
7612,14
7613,3
7614,6
7615,150
7616,291
7617,507
7618,8
7619,386
7620,5
7621,292
7622,14
7623,479
7624,246
7625,28
7626,36
7627,4
7628,537
7629,64
7630,31
7631,179
7632,253
7633,280
7634,410
7635,9
7636,92
7637,471
7638,38
7639,22
7640,217
7641,134
7642,48
7643,21
7644,304
7645,123
7646,165
7647,47
7648,78
7649,55
7650,136
7651,14
7652,306
7653,160
7654,271
7655,125
7656,264
7657,564
7658,7
7659,151
7660,220
7661,258
7662,139
7663,67
7664,203
7665,353
7666,367
7667,47
7668,347
7669,368
7670,76
7671,300
7672,8
7673,149
7674,301
7675,8
7676,132
7677,13
7678,41
7679,5
7680,265
7681,671
7682,228
7683,44
7684,144
7685,323
7686,359
7687,11
7688,16
7689,11
7690,9
7691,4
7692,107
7693,114
7694,99
7695,3
7696,386
7697,32
7698,2
7699,218
7700,96
7701,637
7702,374
7703,38
7704,385
7705,166
7706,60
7707,67
7708,23
7709,205
7710,229
7711,71
7712,255
7713,147
7714,16
7715,26
7716,4
7717,11
7718,373
7719,3
7720,204
7721,31
7722,102
7723,55
7724,17
7725,8
7726,2
7727,230
7728,179
7729,195
7730,30
7731,247
7732,162
7733,117
7734,235
7735,276
7736,86
7737,71
7738,47
7739,272
7740,218
7741,7
7742,166
7743,4
7744,44
7745,360
7746,286
7747,133
7748,199
7749,8
7750,294
7751,11
7752,48
7753,240
7754,79
7755,5
7756,561
7757,10
7758,563
7759,503
7760,194
7761,2
7762,65
7763,29
7764,80
7765,164
7766,206
7767,1
7768,75
7769,220
7770,13
7771,337
7772,342
7773,17
7774,4
7775,33
7776,275
7777,286
7778,158
7779,3
7780,14
7781,345
7782,29
7783,693
7784,213
7785,571
7786,205
7787,444
7788,5
7789,202
7790,151
7791,224
7792,145
7793,7
7794,352
7795,236
7796,103
7797,276
7798,523
7799,154
7800,272
7801,72
7802,284
7803,49
7804,24
7805,98
7806,197
7807,110
7808,593
7809,1
7810,123
7811,187
7812,272
7813,334
7814,5
7815,44
7816,33
7817,45
7818,305
7819,180
7820,83
7821,27
7822,235
7823,4
7824,181
7825,353
7826,147
7827,390
7828,151
7829,31
7830,176
7831,258
7832,15
7833,260
7834,1
7835,5
7836,3
7837,114
7838,12
7839,48
7840,14
7841,130
7842,3
7843,248
7844,260
7845,2
7846,331
7847,656
7848,9
7849,272
7850,195
7851,346
7852,642
7853,488
7854,255
7855,256
7856,458
7857,127
7858,31
7859,74
7860,285
7861,264
7862,6
7863,74
7864,31
7865,291
7866,1
7867,421
7868,467
7869,198
7870,7
7871,211
7872,123
7873,97
7874,154
7875,713
7876,5
7877,399
7878,207
7879,68
7880,615
7881,188
7882,363
7883,83
7884,165
7885,328
7886,276
7887,330
7888,138
7889,88
7890,2
7891,143
7892,127
7893,67
7894,264
7895,71
7896,137
7897,355
7898,112
7899,384
7900,106
7901,145
7902,190
7903,239
7904,29
7905,769
7906,266
7907,275
7908,130
7909,172
7910,93
7911,297
7912,29
7913,417
7914,300
7915,81
7916,19
7917,412
7918,63
7919,723
7920,4
7921,177
7922,117
7923,334
7924,32
7925,25
7926,390
7927,194
7928,122
7929,517
7930,6
7931,17
7932,250
7933,304
7934,687
7935,77
7936,32
7937,15
7938,165
7939,170
7940,373
7941,322
7942,352
7943,28
7944,1
7945,115
7946,16
7947,83
7948,187
7949,10
7950,396
7951,185
7952,143
7953,266
7954,294
7955,62
7956,5
7957,177
7958,383
7959,215
7960,179
7961,31
7962,187
7963,241
7964,85
7965,23
7966,1
7967,420
7968,31
7969,108
7970,505
7971,84
7972,155
7973,3
7974,729
7975,2
7976,3
7977,204
7978,509
7979,1
7980,4
7981,237
7982,322
7983,1
7984,246
7985,2
7986,72
7987,2
7988,166
7989,118
7990,203
7991,159
7992,176
7993,6
7994,124
7995,286
7996,13
7997,350
7998,74
7999,32
8000,653
8001,164
8002,13
8003,4
8004,106
8005,200
8006,32
8007,11
8008,143
8009,229
8010,119
8011,234
8012,7
8013,108
8014,16
8015,54
8016,118
8017,276
8018,100
8019,75
8020,3
8021,14
8022,18
8023,9
8024,9
8025,5
8026,106
8027,602
8028,343
8029,182
8030,41
8031,4
8032,21
8033,20
8034,16
8035,363
8036,46
8037,80
8038,7
8039,6
8040,134
8041,108
8042,145
8043,171
8044,3
8045,33
8046,349
8047,36
8048,4
8049,25
8050,105
8051,14
8052,171
8053,25
8054,102
8055,443
8056,308
8057,539
8058,60
8059,185
8060,21
8061,4
8062,51
8063,30
8064,203
8065,126
8066,188
8067,153
8068,110
8069,276
8070,107
8071,488
8072,17
8073,202
8074,12
8075,153
8076,233
8077,729
8078,3
8079,794
8080,13
8081,366
8082,19
8083,120
8084,139
8085,11
8086,340
8087,159
8088,63
8089,341
8090,5
8091,25
8092,79
8093,744
8094,19
8095,194
8096,45
8097,338
8098,2
8099,168
8100,6
8101,391
8102,54
8103,35
8104,100
8105,32
8106,206
8107,113
8108,35
8109,14
8110,245
8111,5
8112,104
8113,585
8114,325
8115,411
8116,277
8117,825
8118,382
8119,32
8120,858
8121,8
8122,135
8123,324
8124,4
8125,6
8126,222
8127,125
8128,702
8129,32
8130,6
8131,6
8132,284
8133,1
8134,120
8135,725
8136,181
8137,29
8138,210
8139,169
8140,496
8141,263
8142,303
8143,108
8144,168
8145,1
8146,184
8147,357
8148,280
8149,314
8150,234
8151,301
8152,57
8153,14
8154,35
8155,445
8156,377
8157,64
8158,226
8159,38
8160,149
8161,234
8162,22
8163,358
